folder_name,gps_speed,ground_truth_dist,predicted_dist_raw,predicted_dist_filtered
20260212043643_894,0.06,0.8639581340703116,835.0115042932217,835.0115042932217
20260212043644_317,0.03,0.8639925266698886,838.2638890724843,838.2638890724843
20260212043644_731,0.03,0.8628429476367182,843.1969794028923,843.1969794028923
20260212043645_146,0.03,0.8630793694947337,830.1502228575572,830.1502228575572
20260212043645_564,0.13,0.8634070429508693,832.7095013972671,832.7095013972671
20260212043645_980,0.13,0.8644575341703824,832.8927344383469,832.8927344383469
20260212043646_394,0.06,0.863600291459002,836.2850497937749,832.8927344383469
20260212043646_814,0.06,0.8628148550419283,833.756151265366,833.756151265366
20260212043647_228,0.05,0.8629491545658894,834.2637085704258,834.2637085704258
20260212043647_642,0.05,0.8635635365726574,834.9419250215494,834.9419250215494
20260212043648_056,0.05,0.863668207300323,835.7901278050973,835.7901278050973
20260212043648_467,0.11,0.8637610064298512,824.099401089269,834.9419250215494
20260212043648_881,0.11,0.8638118663907979,829.018570865451,829.018570865451
20260212043649_294,0.02,0.8647813044749224,834.4469715750263,834.4469715750263
20260212043649_708,0.02,0.8636370657414256,860.2315426197779,834.4469715750263
20260212043650_127,0.02,0.8636982041792389,853.7853192674703,853.7853192674703
20260212043650_539,0.06,0.8639461275597703,869.4068342448345,869.4068342448345
20260212043650_953,0.06,0.864360580281102,871.1028707047637,871.1028707047637
20260212043651_369,0.01,0.8633907470838034,869.2364917493413,869.2364917493413
20260212043651_785,0.01,0.8639945589178895,867.3704493197467,867.3704493197467
20260212043652_200,0.06,0.8627752557428253,846.8439825942061,867.3704493197467
20260212043652_618,0.06,0.8638774942454427,861.7716561882344,861.7716561882344
20260212043653_032,0.06,0.8639663568571547,849.3879296327734,849.3879296327734
20260212043653_447,0.02,0.8639907607518962,858.5488261582043,858.5488261582043
20260212043653_879,0.02,0.8636483507364683,860.4141728548325,860.4141728548325
20260212043654_264,0.06,0.8644555533210028,829.0307694679744,858.5488261582043
20260212043654_678,0.06,0.8630243563307802,821.2273286258368,821.2273286258368
20260212043655_092,0.06,0.8633024388573405,828.5218494130525,828.5218494130525
20260212043655_509,0.1,0.8628353684762781,831.4054085338036,831.4054085338036
20260212043655_923,0.1,0.8629547880677979,856.6820924520711,831.4054085338036
20260212043656_339,0.05,0.8629919293875274,858.5481326534517,858.5481326534517
20260212043656_755,0.05,0.8637231586080497,856.1728416384628,856.1728416384628
20260212043657_170,0.05,0.8637760974327356,843.4498451805899,856.1728416384628
20260212043657_588,0.05,0.8640825319923522,834.2886138213438,834.2886138213438
20260212043658_007,0.05,0.8640226653483998,854.8303125695348,854.8303125695348
20260212043658_419,0.1,0.8643276646563478,842.2767417955429,842.2767417955429
20260212043658_836,0.1,0.8638624849062495,836.5092374940169,836.5092374940169
20260212043659_252,0.05,0.8649518599173788,840.3959718519376,840.3959718519376
20260212043659_670,0.05,0.8641699129443766,825.9765819432952,825.9765819432952
20260212043700_087,0.05,0.8622966623423494,824.2945998760408,824.2945998760408
20260212043700_506,0.05,0.8628243458957676,834.4728483981174,825.9765819432952
20260212043700_943,0.05,0.8631190133945563,826.6692803911418,826.6692803911418
20260212043701_358,0.1,0.8636355590534801,831.9272132610882,831.9272132610882
20260212043701_772,0.1,0.8647564387632902,869.2492830531789,831.9272132610882
20260212043702_185,0.07,0.8640598619953685,832.6064561329044,832.6064561329044
20260212043702_600,0.07,0.8640106857403108,833.28467581962,833.28467581962
20260212043703_019,0.07,0.8638550595714329,827.8564600506465,832.6064561329044
20260212043703_430,0.09,0.8639057887214314,841.088591994079,841.088591994079
20260212043703_843,0.09,0.8640537522276232,841.0882375231427,841.0882375231427
20260212043704_264,0.09,0.8640147617055111,817.6768919203065,841.0882375231427
20260212043704_678,0.07,0.8634251350566944,819.8829068070488,819.8829068070488
20260212043705_091,0.07,0.8625392527149447,846.5168021864625,819.8829068070488
20260212043705_509,0.04,0.8627255922768415,837.1857804204799,837.1857804204799
20260212043705_922,0.04,0.863545010256368,839.9007390030413,839.9007390030413
20260212043706_336,0.11,0.8635792984416552,835.99895815128,835.99895815128
20260212043706_753,0.11,0.8645048398345396,832.9460633532743,832.9460633532743
20260212043707_168,0.04,0.8636011233157143,830.5707435262224,830.5707435262224
20260212043707_585,0.04,0.863756583490578,826.4989699904701,826.4989699904701
20260212043708_002,0.04,0.8637852767411001,827.0072298986503,827.0072298986503
20260212043708_417,0.11,0.863961670556266,827.3471832191138,827.3471832191138
20260212043708_830,0.11,0.8632640987765146,829.5525376135876,827.3471832191138
20260212043709_257,0.05,0.8628450281265003,828.7040042374421,828.7040042374421
20260212043709_700,0.05,0.8630948365520061,835.99895815128,829.5525376135876
20260212043723_007,0.06,0.8636567065546478,850.772448858502,850.772448858502
20260212043723_422,0.08,0.8639057230375702,833.8075714280247,833.8075714280247
20260212043723_838,0.08,0.8637466091891928,825.4952614447598,825.4952614447598
20260212043724_254,0.07,0.8630107744065783,818.1861642655441,818.1861642655441
20260212043724_671,0.07,0.8624254589214064,830.2307874591692,830.2307874591692
20260212043725_084,0.07,0.8630697166562913,834.4718519639667,834.4718519639667
20260212043725_497,0.09,0.8645339386088771,833.7932816431992,833.7932816431992
20260212043725_909,0.09,0.8636916328904629,832.9447469563166,832.9447469563166
20260212043726_323,0.11,0.8642906896825434,820.2365661744781,832.9447469563166
20260212043726_737,0.11,0.8625075149251444,813.7754571805548,813.7754571805548
20260212043727_172,0.19,0.8627919250558735,796.995116419379,796.995116419379
20260212043727_591,0.19,0.8628647512863179,414.95318321877414,796.995116419379
20260212043728_006,0.19,0.8636882323220051,850.603131912892,850.603131912892
20260212043728_422,0.18,0.864,816.3344015766922,816.3344015766922
20260212043728_861,0.18,0.8653053687500001,835.6743174716605,835.6743174716605
20260212043729_276,0.12,0.8663071118929688,802.2551167358209,802.2551167358209
20260212043729_716,0.12,0.8663118406036066,822.7812504542334,822.7812504542334
20260212043730_096,0.12,0.8626781654967475,878.2553677529003,878.2553677529003
20260212043730_509,0.07,0.8640123661995442,774.7718668983848,774.7718668983848
20260212043730_924,0.07,0.8647287710675498,831.2648743198298,831.2648743198298
20260212043731_338,0.13,0.8666037637544258,831.0942360269732,831.0942360269732
20260212043731_750,0.13,0.8683282631036884,819.7279747871678,831.0942360269732
20260212043732_169,0.09,0.8680901492548504,819.8972749371773,819.8972749371773
20260212043732_585,0.09,0.8669924734554237,835.3353782806321,819.8972749371773
20260212043733_001,0.09,0.8687304330226957,824.8176641372853,824.8176641372853
20260212043733_414,0.19,0.8684998451688578,836.3375972494176,836.3375972494176
20260212043733_829,0.19,0.8680690199794976,833.7946286637385,833.7946286637385
20260212043734_244,0.12,0.8681601954977152,832.0978786629489,832.0978786629489
20260212043734_659,0.12,0.86702286868856,831.9282358742307,831.9282358742307
20260212043735_075,0.12,0.8661825884538372,832.6068070291037,832.6068070291037
20260212043735_511,0.27,0.866050143354135,827.1785573477903,831.9282358742307
20260212043735_922,0.27,0.8665912706186294,827.3482002020453,827.3482002020453
20260212043736_336,0.16,0.8676524142508667,814.9639570024071,827.1785573477903
20260212043736_751,0.16,0.8679045442636442,835.3214143520343,835.3214143520343
20260212043737_167,0.53,0.8674054605544621,876.0353609409723,876.0353609409723
20260212043737_583,0.53,0.8669634746047692,874.8478614199446,874.8478614199446
20260212043738_002,0.53,0.8675674692133347,871.7946280168774,871.7946280168774
20260212043738_449,0.04,0.8682981655512627,829.7232001616164,871.7946280168774
20260212043738_870,0.04,0.8677318837145155,824.633914533964,824.633914533964
20260212043739_286,0.04,0.8678915020673144,866.0267709722045,829.7232001616164
20260212043739_706,0.04,0.8677969537552361,826.1616867305571,826.1616867305571
20260212043740_123,0.04,0.8695971134250318,820.5628030335752,820.5628030335752
20260212043740_543,0.06,0.8699280822283271,822.4288751512864,822.4288751512864
20260212043740_958,0.06,0.8688794995819542,818.8657411429266,818.8657411429266
20260212043741_371,0.01,0.8700169075726942,863.4821281583781,822.4288751512864
20260212043741_787,0.01,0.8675639118573983,826.3303430765147,826.3303430765147
20260212043742_200,0.02,0.867154864293838,824.1259700486747,824.1259700486747
20260212043742_617,0.02,0.8670425296066954,827.3485198252524,827.3485198252524
20260212043743_034,0.02,0.8673575918006051,846.5181697617409,827.3485198252524
20260212043743_449,0.01,0.8674735786482412,820.2232003233318,820.2232003233318
20260212043743_860,0.01,0.8671806554985776,821.7499860116275,821.7499860116275
20260212043744_275,0.02,0.8674249875162969,818.1874860722708,818.1874860722708
20260212043744_689,0.02,0.8682857121966631,885.1956984721872,821.7499860116275
20260212043745_103,0.02,0.8685224951628057,839.2231999999012,839.2231999999012
20260212043745_542,0.06,0.8675659902340855,868.7410566402859,868.7410566402859
20260212043745_955,0.06,0.8667510327942232,838.3753096117281,838.3753096117281
20260212043746_368,0.07,0.8665816273811136,883.6696278147332,883.6696278147332
20260212043746_780,0.07,0.8661597294195382,832.0982001211877,832.0982001211877
20260212043747_194,0.06,0.8667149906918408,820.9020888731592,820.9020888731592
20260212043747_614,0.06,0.8667216240571853,825.9910573680046,825.9910573680046
20260212043748_031,0.06,0.8669235510067045,870.0985356128193,825.9910573680046
20260212043748_445,0.11,0.8669790051952162,880.7853590250828,880.7853590250828
20260212043748_859,0.11,0.8666462522961287,886.5538988326367,886.5538988326367
20260212043749_273,0.16,0.8661774770368242,827.5181627450445,880.7853590250828
20260212043749_686,0.16,0.8656733646312378,833.9645936971378,833.9645936971378
20260212043750_128,0.16,0.8659416935452049,833.1309791397314,833.1309791397314
20260212043750_510,0.1,0.8663339875898519,823.4611632547864,833.1309791397314
20260212043750_923,0.1,0.8667849938722111,833.6399168178863,833.6399168178863
20260212043751_336,0.04,0.866940953942156,829.213951254739,829.213951254739
20260212043751_749,0.04,0.8669837844763646,819.3753025950317,819.3753025950317
20260212043752_162,0.13,0.8664180468118217,814.7949437606495,814.7949437606495
20260212043752_577,0.13,0.8673939927187028,839.2235242106877,839.2235242106877
20260212043752_990,0.13,0.8686132002503738,852.1160569232876,852.1160569232876
20260212043753_407,0.13,0.8682319600771933,796.1342225835369,796.1342225835369
20260212043753_821,0.13,0.8682115770361992,808.6877986481401,808.6877986481401
20260212043754_235,0.01,0.8686356043435661,874.1696279764485,808.6877986481401
20260212043754_651,0.01,0.8686810718478537,865.3485338586453,865.3485338586453
20260212043755_069,0.01,0.8690602893562167,880.9553421466519,880.9553421466519
20260212043755_482,0.01,0.868789056964451,834.1339143722487,834.1339143722487
20260212043755_897,0.01,0.8689105890997606,824.2946288254539,824.2946288254539
20260212043756_309,0.03,0.8676725705315218,729.8038409448916,824.2946288254539
20260212043756_722,0.03,0.8673325796822192,817.5092304773204,817.5092304773204
20260212043757_137,0.03,0.8670593675518992,834.8118114568098,834.8118114568098
20260212043757_557,0.04,0.8679438038139402,822.5985180710785,822.5985180710785
20260212043757_969,0.04,0.8666449421224033,818.696730915864,818.696730915864
20260212043758_381,0.05,0.8687309824497371,832.7903419546045,832.7903419546045
20260212043758_797,0.05,0.8677028710552591,835.6756675305064,835.6756675305064
20260212043759_212,0.02,0.8671930259635506,826.3451434309981,826.3451434309981
20260212043759_629,0.02,0.866123450090906,838.5593237524134,838.5593237524134
20260212043800_043,0.02,0.8599316524812151,824.2949472689978,824.2949472689978
20260212043800_466,0.01,0.8591145495407247,814.1160575701488,814.1160575701488
20260212043800_883,0.01,0.8585335831676215,799.6964149584666,799.6964149584666
20260212043801_318,0.05,0.8586697852774079,510.62499130780327,799.6964149584666
20260212043801_755,0.05,0.8578920608581753,809.5357005052614,809.5357005052614
20260212043802_168,0.04,0.8601578572131763,809.2105956502148,809.2105956502148
20260212043802_586,0.04,0.8614271722491595,820.9161577256582,809.5357005052614
20260212043802_998,0.04,0.8604173121789254,817.353250887174,817.353250887174
20260212043803_414,0.08,0.8599667293571374,816.1660745646086,816.1660745646086
20260212043803_827,0.08,0.8597500672323075,821.2554493800188,821.2554493800188
20260212043804_239,0.02,0.8598517372136725,830.925582534393,830.925582534393
20260212043804_653,0.02,0.8588839083323048,821.9196288658826,821.9196288658826
20260212043805_065,0.02,0.8599585331617434,821.2410574488622,821.2410574488622
20260212043805_485,0.04,0.8614393621695438,829.5532368321755,821.9196288658826
20260212043805_898,0.04,0.8615356305166323,811.4011164799678,811.4011164799678
20260212043806_314,0.03,0.8626088038932771,835.660377226032,835.660377226032
20260212043806_748,0.03,0.8643555440499744,825.9907382690925,825.9907382690925
20260212043807_162,0.12,0.8653751412847243,818.0175271993354,818.0175271993354
20260212043807_582,0.12,0.8654783981753174,822.4282397060095,822.4282397060095
20260212043807_999,0.12,0.8648832720642827,812.2499861733428,812.2499861733428
20260212043808_412,0.11,0.8633404435906535,823.7853820157554,823.7853820157554
20260212043808_825,0.11,0.8638822650587041,820.3928431775869,820.3928431775869
20260212043809_238,0.11,0.8639676670417467,818.8657411429266,818.8657411429266
20260212043809_651,0.11,0.8639911205613398,812.5889579603519,812.5889579603519
20260212043810_065,0.11,0.8640237899647025,823.6160574084334,823.6160574084334
20260212043810_510,0.23,0.8643136583190565,825.1428430967293,825.1428430967293
20260212043810_891,0.23,0.8635086384158708,827.0092339856686,827.0092339856686
20260212043811_306,0.08,0.864219413886223,822.0892717201377,822.0892717201377
20260212043811_717,0.08,0.8642335065385041,828.0267716190657,828.0267716190657
20260212043812_129,0.08,0.8658902517331366,822.9374859914132,822.9374859914132
20260212043812_542,0.02,0.8646874217484382,820.9020888731592,820.9020888731592
20260212043812_955,0.02,0.8641887831976648,825.8214145137496,825.8214145137496
20260212043813_367,0.05,0.8647229695856586,820.732128886097,820.732128886097
20260212043813_779,0.05,0.8656759233395999,822.7675252834459,822.7675252834459
20260212043814_192,0.07,0.8651856254471376,820.5624860318419,820.5624860318419
20260212043814_605,0.07,0.8647009773884201,822.5982002829029,822.5982002829029
20260212043815_016,0.07,0.8650403809152949,827.3485198252524,827.3485198252524
20260212043815_429,0.06,0.8654787019957608,822.2592322314945,822.2592322314945
20260212043815_840,0.06,0.8658025885355858,826.5003052262928,826.5003052262928
20260212043816_253,0.04,0.8656929108765853,822.9378039106623,822.9378039106623
20260212043816_666,0.04,0.8672480576721635,831.2506573047084,831.2506573047084
20260212043817_079,0.04,0.8672159978382179,825.8214145137496,825.8214145137496
20260212043817_493,0.09,0.8686754434063205,822.5982002829029,822.5982002829029
20260212043817_904,0.09,0.8679726958695495,829.7232001616164,829.7232001616164
20260212043818_316,0.03,0.868140376603175,831.5889502967943,831.5889502967943
20260212043818_727,0.03,0.8681864259246469,830.2318079870485,830.2318079870485
20260212043819_140,0.03,0.8671435344427115,823.1068108608825,830.2318079870485
20260212043819_555,0.07,0.8657619181463297,869.0800066035246,830.2318079870485
20260212043819_969,0.07,0.8659346167709359,831.2493143951164,831.2493143951164
20260212043820_382,0.03,0.8658922099349668,824.2943103819102,824.2943103819102
20260212043820_799,0.03,0.8668436481533903,829.7232001616164,829.7232001616164
20260212043821_235,0.09,0.8678897027181811,825.8207474439647,825.8207474439647
20260212043821_650,0.09,0.8683022096089804,824.2946288254539,824.2946288254539
20260212043822_062,0.09,0.8673576193138662,826.83927163928,826.83927163928
20260212043822_474,0.08,0.8671764497826457,825.4811431072161,825.4811431072161
20260212043822_885,0.08,0.868430957521559,822.5978824947277,822.5978824947277
20260212043823_299,0.07,0.8686162267093582,827.5178430563004,827.5178430563004
20260212043823_711,0.07,0.8688797378190374,833.1170520603216,833.1170520603216
20260212043824_123,0.07,0.8686169729985531,828.705343036086,828.705343036086
20260212043824_535,0.08,0.8683173112097277,824.2946288254539,824.2946288254539
20260212043824_946,0.08,0.8673312670341315,828.1964144733207,828.1964144733207
20260212043825_358,0.08,0.8678163492092483,829.5532368321755,829.5532368321755
20260212043825_781,0.08,0.8685270649015897,831.2499858499123,831.2499858499123
20260212043826_221,0.02,0.8678919593790894,829.5535573073614,829.5535573073614
20260212043826_631,0.02,0.8679703293444824,823.2770897502461,823.2770897502461
20260212043827_042,0.02,0.8682222036025484,826.161019386709,826.161019386709
20260212043827_454,0.08,0.8685335226643499,831.2503069804669,831.2503069804669
20260212043827_867,0.08,0.8684536436616971,834.1339143722487,834.1339143722487
20260212043828_277,0.04,0.8685542068905936,832.946414392463,832.946414392463
20260212043828_690,0.04,0.868237923143764,830.5714144328919,830.5714144328919
20260212043829_102,0.04,0.8684153396433563,828.1967344242121,828.1967344242121
20260212043829_514,0.05,0.8677211876495567,828.8749858903411,828.8749858903411
20260212043829_926,0.05,0.8677934740028688,821.9196288658826,828.1967344242121
20260212043830_339,0.03,0.8672975327980379,824.803557388219,824.803557388219
20260212043830_751,0.03,0.8668542099446611,831.419307508076,831.419307508076
20260212043831_161,0.03,0.8678736068139341,820.3928431775869,820.3928431775869
20260212043831_573,0.03,0.8678856642712767,828.1964144733207,828.1964144733207
20260212043831_983,0.03,0.8671207255504993,831.9288786596346,831.9288786596346
20260212043832_395,0.01,0.8681940502652988,867.0453284661968,831.9288786596346
20260212043832_809,0.01,0.8678800410541077,823.4464145541783,823.4464145541783
20260212043833_220,0.0,0.8684903062744843,827.0089144935351,827.0089144935351
20260212043833_633,0.0,0.8681346503606302,829.2145919429638,829.2145919429638
20260212043834_045,0.0,0.8672190359309372,833.2857001009733,833.2857001009733
20260212043834_457,0.02,0.8666305277425337,828.1964144733207,828.1964144733207
20260212043834_869,0.02,0.8667836781428406,831.2499858499123,831.2499858499123
20260212043835_284,0.03,0.8680955926099776,831.9278852640105,831.9278852640105
20260212043835_697,0.03,0.8673008771205152,833.2853781839766,833.2853781839766
20260212043836_110,0.03,0.8676137084464939,842.4460887747614,833.2853781839766
20260212043836_522,0.02,0.8669664146821183,831.0790003601287,831.0790003601287
20260212043836_934,0.02,0.8676365266320767,826.330023846529,826.330023846529
20260212043837_345,0.03,0.8673411239821172,831.9278852640105,831.9278852640105
20260212043837_757,0.03,0.8675486811735889,824.8028911406237,824.8028911406237
20260212043838_172,0.06,0.8676485565672968,826.4986506949473,826.4986506949473
20260212043838_587,0.06,0.869118646400741,831.757921219622,831.757921219622
20260212043839_001,0.06,0.8684804582678035,830.9093577799368,830.9093577799368
20260212043839_414,0.03,0.8698101958517955,838.0343461479968,831.757921219622
20260212043839_825,0.03,0.8687707375232695,826.3293563656492,826.3293563656492
20260212043840_240,0.06,0.8683962887923279,817.5079384779438,817.5079384779438
20260212043840_654,0.06,0.868108830809593,827.1778891817526,827.1778891817526
20260212043841_077,0.06,0.869384426979705,835.3197421614874,835.3197421614874
20260212043841_512,0.04,0.8677484482593014,866.7043074670709,866.7043074670709
20260212043841_923,0.04,0.8689861089420869,821.4090559597729,821.4090559597729
20260212043842_335,0.09,0.8682708101682206,830.2307874591692,830.2307874591692
20260212043842_748,0.09,0.8681426212424476,830.5700726195531,830.5700726195531
20260212043843_161,0.02,0.8682012025331596,823.1057990911094,830.2307874591692
20260212043843_574,0.02,0.8682827552456689,833.4543477364884,833.4543477364884
20260212043843_987,0.02,0.8677276516593417,835.9983122201076,835.9983122201076
20260212043844_398,0.06,0.8678200028690154,831.078679295111,831.078679295111
20260212043844_808,0.06,0.8667701932879034,829.5518966632155,829.5518966632155
20260212043845_221,0.02,0.8671136393316905,837.8643798813132,837.8643798813132
20260212043845_632,0.02,0.8675460290809525,875.0160905907701,837.8643798813132
20260212043846_044,0.02,0.8672978282363566,831.7572493537313,831.7572493537313
20260212043846_456,0.06,0.8670817910794095,821.2380867052539,821.2380867052539
20260212043846_889,0.06,0.8674696002188689,829.7212186371477,829.7212186371477
20260212043847_302,0.06,0.8679514639601069,832.2651830969354,832.2651830969354
20260212043847_714,0.06,0.8694802957900443,818.5238108557838,818.5238108557838
20260212043848_128,0.06,0.8696289795503716,821.2390961812374,821.2390961812374
20260212043848_541,0.02,0.8716988585090207,817.6765760326999,817.6765760326999
20260212043848_952,0.02,0.8699397990180397,824.6329008874538,824.6329008874538
20260212043849_364,0.15,0.868636897498464,853.4711315395256,853.4711315395256
20260212043849_776,0.15,0.8692756579755156,825.8194133043949,825.8194133043949
20260212043850_188,0.67,0.860904952571526,814.4536842550605,814.4536842550605
20260212043850_602,0.67,0.8515011475999553,803.4262722081303,803.4262722081303
20260212043851_014,0.67,0.8582421892287645,811.2304765898145,811.2304765898145
20260212043851_426,0.58,0.8632823862169494,907.4178108898855,811.2304765898145
20260212043851_864,0.58,0.8606820452046393,820.2212414865281,820.2212414865281
20260212043852_277,0.36,0.8608873066643241,820.3912008718426,820.3912008718426
20260212043852_689,0.36,0.86047117659269,815.9808107230494,820.2212414865281
20260212043853_124,0.36,0.8563322392166488,813.9461002700978,813.9461002700978
20260212043853_535,0.02,0.8542651161948722,816.3200958834333,816.3200958834333
20260212043853_948,0.02,0.8540219498977608,818.3558068457361,818.3558068457361
20260212043854_358,0.08,0.8534967779906725,821.7499860116275,821.7499860116275
20260212043854_770,0.08,0.8536343026556885,823.9540119920689,823.9540119920689
20260212043855_184,0.05,0.854976320738432,819.2040197466955,819.2040197466955
20260212043855_597,0.05,0.854686372082792,826.4986506949473,826.4986506949473
20260212043856_009,0.05,0.8530334949332368,819.5436502981835,819.5436502981835
20260212043856_437,0.07,0.8529238603049261,853.9811085905725,853.9811085905725
20260212043856_824,0.07,0.8523333401362403,819.8829356015568,819.8829356015568
20260212043857_237,0.1,0.8517415435349149,832.6064561329044,832.6064561329044
20260212043857_650,0.1,0.8528271139056294,836.3385959118212,836.3385959118212
20260212043858_063,0.1,0.8521475211563334,819.0350387550249,819.0350387550249
20260212043858_473,0.05,0.851463012997558,829.722529940105,829.722529940105
20260212043858_886,0.05,0.8516250299444543,861.2757426130983,861.2757426130983
20260212043859_300,0.08,0.8545644092515222,818.5261106033544,818.5261106033544
20260212043859_714,0.08,0.8574100008906993,808.3475475699448,808.3475475699448
20260212043900_126,0.08,0.8593648464946084,862.1232594769859,862.1232594769859
20260212043900_537,0.82,0.8766266398795782,808.8568166085506,808.8568166085506
20260212043900_949,0.82,0.8974862159769292,815.8121709459983,815.8121709459983
20260212043901_362,1.78,0.8805474550907317,829.5528872228815,829.5528872228815
20260212043901_774,1.78,0.8628174698542922,886.5524977144083,886.5524977144083
20260212043902_186,0.31,0.849893122658735,804.4601734551638,804.4601734551638
20260212043902_620,0.31,0.8401603592266007,809.718879068533,809.718879068533
20260212043903_033,0.31,0.8344825386526051,786.3071386758039,786.3071386758039
20260212043903_444,1.21,0.8281160171774716,790.2096247017028,790.2096247017028
20260212043903_856,1.21,0.829994228541286,786.8167108987757,786.8167108987757
20260212043904_268,1.1,0.8302434150131506,787.4952936593611,787.4952936593611
20260212043904_680,1.1,0.8332072228479863,789.5313469549416,789.5313469549416
20260212043905_094,1.1,0.8330683593235083,794.7900583356542,794.7900583356542
20260212043905_505,1.11,0.8326145231792184,783.9327341662877,783.9327341662877
20260212043905_918,1.11,0.8352242634280929,786.3071386758039,786.3071386758039
20260212043906_328,1.27,0.8375957712282603,788.5131678002392,788.5131678002392
20260212043906_739,1.27,0.824284488673561,793.6025385046297,793.6025385046297
20260212043907_149,1.27,0.8220166277019766,812.4328677165615,812.4328677165615
20260212043907_562,0.95,0.8199115663826552,793.772825376804,793.772825376804
20260212043907_974,0.95,0.8176273577965938,793.2635535799972,793.2635535799972
20260212043908_384,1.33,0.8142532881348896,835.505346745399,793.772825376804
20260212043908_797,1.33,0.8106646372876782,792.5853045865416,792.5853045865416
20260212043909_209,1.22,0.8043909010151287,784.2723285287268,784.2723285287268
20260212043909_626,1.22,0.8028841011912797,778.6737177717508,778.6737177717508
20260212043910_038,1.22,0.8011884488382759,770.5310223182948,770.5310223182948
20260212043910_449,2.96,0.8064793777622116,785.9687860855703,785.9687860855703
20260212043910_859,2.96,0.8110727741179473,829.5677452964469,829.5677452964469
20260212043911_272,5.99,0.8163158406348918,783.084505715556,783.084505715556
20260212043911_699,5.99,0.8284679877343573,788.343826665151,788.343826665151
20260212043912_142,5.99,0.8391358387355061,811.0760445897039,811.0760445897039
20260212043912_562,7.74,0.8391358387355061,796.6561609272641,796.6561609272641
20260212043912_996,7.74,0.8391358387355061,801.7455316316546,801.7455316316546
20260212043913_407,7.53,0.8391358387355061,795.9775781666787,795.9775781666787
20260212043913_821,7.53,0.8391358387355061,788.6962742785778,788.6962742785778
20260212043914_231,7.6,0.8391358387355061,779.3656020726579,779.3656020726579
20260212043914_644,7.6,0.8391358387355061,795.1429205299406,795.1429205299406
20260212043915_057,7.6,0.8585698918657514,804.4732819492574,804.4732819492574
20260212043915_467,9.87,0.830501256553632,829.4119348135011,829.4119348135011
20260212043915_878,9.87,0.8158314075810413,770.2042809046031,770.2042809046031
20260212043916_289,9.33,0.8124134503069435,793.1068311077138,793.1068311077138
20260212043916_701,9.33,0.8145038097138537,775.2937637338283,775.2937637338283
20260212043917_112,9.33,0.8171369837426672,788.356063426299,788.356063426299
20260212043917_525,11.06,0.82036874416033,787.6768336105882,787.6768336105882
20260212043917_937,11.06,0.8184538106372699,789.8819557351602,789.8819557351602
20260212043918_351,13.27,0.8179338777462601,776.819045384729,787.6768336105882
20260212043918_764,13.27,0.8173824661760667,792.779198625078,792.779198625078
20260212043919_175,14.78,0.8176052163528414,788.0286657373119,788.0286657373119
20260212043919_589,14.78,0.8239413325408991,789.5542487361292,789.5542487361292
20260212043920_000,14.78,0.8245963884490444,801.770392739405,789.5542487361292
20260212043920_412,14.87,0.8285753028155822,795.1540056643232,795.1540056643232
20260212043920_823,14.87,0.8280818675357292,801.7707024827988,801.7707024827988
20260212043921_235,15.34,0.8279944828719996,793.458471486727,793.458471486727
20260212043921_647,15.34,0.8291596098587228,853.1756795182275,801.7707024827988
20260212043922_072,15.34,0.8215521413573434,791.436802134979,791.436802134979
20260212043922_483,8.54,0.8179832568202604,782.6135198485958,782.6135198485958
20260212043922_904,8.54,0.8216431362377716,787.5338153479838,787.5338153479838
20260212043923_319,7.74,0.8183512462892981,782.7828713575842,782.7828713575842
20260212043923_729,7.74,0.8159457110121986,779.8984545861422,779.8984545861422
20260212043924_141,7.74,0.8155550840763712,777.0270000628921,777.0270000628921
20260212043924_559,7.82,0.8125003149644735,784.6599740358553,784.6599740358553
20260212043924_971,7.82,0.8250200239971186,786.016285139032,786.016285139032
20260212043925_382,8.8,0.8173148181586356,805.8804694352781,786.016285139032
20260212043925_792,8.8,0.8161335819368152,775.8486383933139,775.8486383933139
20260212043926_203,11.69,0.8171400599393978,788.91140620391,788.91140620391
20260212043926_616,11.69,0.8068400015745572,790.2677294765175,790.2677294765175
20260212043927_028,11.69,0.8057791854324128,764.3097350586486,788.91140620391
20260212043927_439,8.23,0.8168462337993764,787.891574349274,787.891574349274
20260212043927_874,8.23,0.8221308080221499,782.8151935131026,782.8151935131026
20260212043928_285,5.04,0.8200444231530828,801.1379470473115,801.1379470473115
20260212043928_696,5.04,0.8202860747084154,793.6722340015345,793.6722340015345
20260212043929_106,5.04,0.8180319161234191,791.4663127844536,791.4663127844536
20260212043929_523,3.58,0.822205264965394,794.5202020942329,794.5202020942329
20260212043929_937,3.58,0.8280011208911213,877.1448739754823,794.5202020942329
20260212043930_350,3.29,0.8257164500860706,792.8229843397709,792.8229843397709
20260212043930_761,3.29,0.8257164500860706,808.4323645054494,808.4323645054494
20260212043931_172,2.89,0.826070005104887,787.5635123700441,787.5635123700441
20260212043931_589,2.89,0.8278043650987542,825.5670909249641,825.5670909249641
20260212043932_005,2.89,0.8269470237652454,791.8046883162366,791.8046883162366
20260212043932_417,3.55,0.8284615764015305,788.2411849825762,788.2411849825762
20260212043932_849,3.55,0.8314036354192702,816.5747787828149,791.8046883162366
20260212043933_285,5.17,0.838805607695061,818.4406965897434,818.4406965897434
20260212043933_696,5.17,0.8345885060086164,803.3406304311968,816.5747787828149
20260212043934_106,5.17,0.8292786437886405,784.351804865268,784.351804865268
20260212043934_517,11.66,0.8260311184626163,794.3615839643347,794.3615839643347
20260212043934_928,11.66,0.8136552959077961,770.2688334063868,770.2688334063868
20260212043935_340,16.95,0.8185533356386785,789.949405905882,789.949405905882
20260212043935_751,16.95,0.8191477676198519,791.8150556939618,791.8150556939618
20260212043936_161,21.87,0.8207127056826018,791.9834665394303,791.9834665394303
20260212043936_576,21.87,0.8172181017980844,782.1436593357253,791.8150556939618
20260212043936_989,21.87,0.8166435637840943,791.9834665394303,791.9834665394303
20260212043937_418,20.79,0.8217959887042068,783.1610286088284,783.1610286088284
20260212043937_802,20.79,0.8190214733978928,799.7866387480685,799.7866387480685
20260212043938_213,19.92,0.8169419831357325,778.4095282550652,778.4095282550652
20260212043938_630,19.92,0.8160259421186504,796.5627251511895,796.5627251511895
20260212043939_043,19.92,0.8177361243543343,790.9642150707457,790.9642150707457
20260212043939_454,14.64,0.8176266527980258,788.5889471576203,788.5889471576203
20260212043939_867,14.64,0.8150449695246578,792.1509031029473,792.1509031029473
20260212043940_280,15.72,0.8212852247557092,794.5261681797177,794.5261681797177
20260212043940_694,15.72,0.847785396091211,846.272330885872,794.5261681797177
20260212043941_107,15.72,0.089,769.4159258312441,769.4159258312441
20260212043941_519,16.13,0.089,753.2980618943162,753.2980618943162
20260212043941_930,16.13,0.81315,789.266652652583,789.266652652583
20260212043942_342,14.73,0.8106475000000001,795.3735273620072,795.3735273620072
20260212043942_754,14.73,0.7890708750000001,738.3678300369513,789.266652652583
20260212043943_190,13.71,0.83559606875,865.614124275856,865.614124275856
20260212043943_608,13.71,0.8112318519973047,785.533789768172,785.533789768172
20260212043944_019,13.71,0.8134891723547598,787.909358323,787.909358323
20260212043944_431,14.16,0.816839963957926,782.8195045870633,782.8195045870633
20260212043944_842,14.16,0.8121024251019454,789.9456327434698,789.9456327434698
20260212043945_256,14.37,0.8110165763162646,825.5742759689315,789.9456327434698
20260212043945_672,14.37,0.803688677270854,789.9456327434698,789.9456327434698
20260212043946_084,14.37,0.8095083779955083,771.6227477781536,771.6227477781536
20260212043946_496,14.8,0.8184977383070164,790.4546183315776,790.4546183315776
20260212043946_907,14.8,0.8195556993986668,787.4007048029302,787.4007048029302
20260212043947_319,14.88,0.8175897829959367,778.2386362247203,778.2386362247203
20260212043947_752,14.88,0.8198333589473589,791.3164297553883,791.3164297553883
20260212043948_133,14.88,0.8054887362009184,766.2063685418601,766.2063685418601
20260212043948_544,14.63,0.8398399999999999,821.6870851260938,821.6870851260938
20260212043948_960,14.63,0.819695435,773.6722188155635,773.6722188155635
20260212043949_372,17.79,0.823067233836875,794.3716787591575,794.3716787591575
20260212043949_784,17.79,0.8314377266600936,800.3096175774152,800.3096175774152
20260212043950_195,18.7,0.8361759606840281,799.4609839178513,799.4609839178513
20260212043950_632,18.7,0.8371618663318532,816.935808162992,800.3096175774152
20260212043951_043,18.7,0.8324437025413851,799.291319023132,799.291319023132
20260212043951_455,19.51,0.8353698518104278,789.0982657075758,789.0982657075758
20260212043951_866,19.51,0.8382558771097351,808.7787244191859,808.7787244191859
20260212043952_281,17.96,0.8404196452512609,803.6901630242677,803.6901630242677
20260212043952_694,17.96,0.8287122450771274,790.1175145901719,790.1175145901719
20260212043953_105,17.96,0.8340529464477989,837.624646462346,837.624646462346
20260212043953_515,17.28,0.8322496654182268,791.4760641915216,791.4760641915216
20260212043953_926,17.28,0.8319224393654806,813.3625405646634,813.3625405646634
20260212043954_362,16.86,0.8328084361919843,798.4322311008148,798.4322311008148
20260212043954_773,16.86,0.8341706417892236,792.6640365144989,792.6640365144989
20260212043955_186,16.49,0.8369019875013655,798.4325676021473,798.4325676021473
20260212043955_598,16.49,0.8359345166564156,794.0213379468868,794.0213379468868
20260212043956_012,16.49,0.8359023916367682,806.7453871991484,806.7453871991484
20260212043956_446,16.78,0.8400329512971108,794.3609701914339,794.3609701914339
20260212043956_857,16.78,0.8402111742499689,798.2629049230987,798.2629049230987
20260212043957_270,17.51,0.8415883687283977,798.43192264126,798.43192264126
20260212043957_681,17.51,0.8478492057620362,801.4864958250199,798.43192264126
20260212043958_094,17.51,0.8358705197860594,806.5763761964743,806.5763761964743
20260212043958_528,19.41,0.8345793164962465,802.5044718993107,802.5044718993107
20260212043958_940,19.41,0.8357463991153081,807.7639865803059,807.7639865803059
20260212043959_352,15.4,0.8281244798570415,795.3786114447539,795.3786114447539
20260212043959_764,15.4,0.83285631028074,794.5293493185892,794.5293493185892
20260212044000_178,12.58,0.8374564067370514,806.5763478686775,795.3786114447539
20260212044000_593,12.58,0.8387493407001627,797.2449008487413,797.2449008487413
20260212044001_006,12.58,0.8369029126897821,793.0030276594152,793.0030276594152
20260212044001_417,10.77,0.8394856943083303,794.1912795540302,794.1912795540302
20260212044001_830,10.77,0.8298653837994252,795.3786114447539,795.3786114447539
20260212044002_242,8.91,0.8322257810259172,789.6100805597025,789.6100805597025
20260212044002_653,8.91,0.8404682595742576,797.0616106500763,797.0616106500763
20260212044003_089,8.91,0.8475127207855805,794.8560336091118,794.8560336091118
20260212044003_472,7.98,0.83818343094574,812.3306478057095,797.0616106500763
20260212044003_885,7.98,0.8304662685702578,819.7960201492483,819.7960201492483
20260212044004_302,7.55,0.833422424006107,795.5340300788505,795.5340300788505
20260212044004_713,7.55,0.833422424006107,801.1331075477361,801.1331075477361
20260212044005_125,7.55,0.835357758192677,799.4365105389522,799.4365105389522
20260212044005_535,7.05,0.8322361243436638,816.9111441308733,801.1331075477361
20260212044005_950,7.05,0.8222669559211211,786.5433401186252,786.5433401186252
20260212044006_362,5.33,0.8200529377698378,779.7423508013217,779.7423508013217
20260212044006_774,5.33,0.8204152880350416,787.7165492979217,787.7165492979217
20260212044007_185,3.26,0.813437125259805,792.4666058731448,792.4666058731448
20260212044007_599,3.26,0.8189230455244738,794.163507918064,794.163507918064
20260212044008_010,3.26,0.8206292506451529,792.8062534717183,792.8062534717183
20260212044008_422,1.28,0.8222010579584251,782.7965019299183,792.8062534717183
20260212044008_856,1.28,0.8222879776021912,786.0196499700877,786.0196499700877
20260212044009_267,1.77,0.8211944608490018,789.582746430693,789.582746430693
20260212044009_679,1.77,0.817545528810657,785.5113142900551,785.5113142900551
20260212044010_092,1.77,0.8135343158496268,787.5459244113147,787.5459244113147
20260212044010_503,3.13,0.8107587787186324,780.0819656399498,780.0819656399498
20260212044010_918,3.13,0.8091837546056044,784.3233856358173,784.3233856358173
20260212044011_332,5.38,0.8066722136085642,774.8229313958275,774.8229313958275
20260212044011_743,5.38,0.8053248818304638,768.3625073791837,768.3625073791837
20260212044012_156,4.68,0.8082120956726911,778.3720874046578,778.3720874046578
20260212044012_568,4.68,0.8101153717741127,771.5859314551839,771.5859314551839
20260212044012_980,4.68,0.8151625758327528,781.5952095259985,781.5952095259985
20260212044013_400,5.26,0.8162792723880696,791.0964354349653,791.0964354349653
20260212044013_811,5.26,0.8100899451795736,782.7833911852734,782.7833911852734
20260212044014_223,5.13,0.8035554932767113,761.576645650345,761.576645650345
20260212044014_640,5.13,0.8081864273411168,769.8900143715516,769.8900143715516
20260212044015_051,5.13,0.8177628226085542,782.7840235043213,782.7840235043213
20260212044015_461,4.89,0.8197630061032682,810.2534774910138,810.2534774910138
20260212044015_872,4.89,0.8194431655511101,788.1994759779084,788.1994759779084
20260212044016_284,5.25,0.8355822043394736,815.8526216052005,815.8526216052005
20260212044016_696,5.25,0.8618910458633731,825.8620424150791,825.8620424150791
20260212044017_108,5.25,0.8600459534702289,830.1046635042228,830.1046635042228
20260212044017_519,4.38,0.8516336199717616,820.0939016093863,820.0939016093863
20260212044017_930,4.38,0.8516336199717616,797.3609488316823,797.3609488316823
20260212044018_343,7.68,0.8516336199717616,773.4401203667319,773.4401203667319
20260212044018_755,7.68,0.8516336199717616,763.2613661015504,763.2613661015504
20260212044019_189,10.12,0.847911852981645,777.6820302062089,777.6820302062089
20260212044019_606,10.12,0.847911852981645,796.683323077014,796.683323077014
20260212044020_020,10.12,0.847911852981645,799.2134745520048,799.2134745520048
20260212044020_432,10.56,0.847911852981645,845.1878268168083,799.2134745520048
20260212044020_845,10.56,0.847911852981645,801.0789595330127,801.0789595330127
20260212044021_257,11.17,0.8407527578847449,797.1770501579049,797.1770501579049
20260212044021_670,11.17,0.8420505402063048,803.6233725741811,803.6233725741811
20260212044022_082,11.17,0.8329328511340981,791.7476671195044,791.7476671195044
20260212044022_493,15.28,0.8329328511340981,804.6406116082044,804.6406116082044
20260212044022_909,15.28,0.8329328511340981,791.9176489711374,791.9176489711374
20260212044023_320,17.98,0.8329328511340981,788.3540683670592,788.3540683670592
20260212044023_732,17.98,0.8270063532371638,799.38118574254,799.38118574254
20260212044024_166,19.6,0.8270063532371638,793.9515029645767,793.9515029645767
20260212044024_581,19.6,0.8270063532371638,798.7022572891377,798.7022572891377
20260212044024_994,19.6,0.8270063532371638,800.3984269513093,800.3984269513093
20260212044025_406,20.41,0.8343272447577561,802.7741449349955,802.7741449349955
20260212044025_818,20.41,0.8374953695915988,800.9067234589776,800.9067234589776
20260212044026_253,19.17,0.8380219902345392,796.8348711631669,796.8348711631669
20260212044026_666,19.17,0.8382367908740929,800.891732745208,800.891732745208
20260212044027_081,19.17,0.8309571749009685,793.0880852751212,793.0880852751212
20260212044027_492,19.37,0.8274819063956591,795.2931566604823,795.2931566604823
20260212044027_905,19.37,0.8274819063956591,792.7481558836595,792.7481558836595
20260212044028_316,18.09,0.8213632391571785,828.0341855057012,795.2931566604823
20260212044028_747,18.09,0.8213632391571785,789.0156748510944,789.0156748510944
20260212044029_131,18.09,0.8213632391571785,796.6350929168655,796.6350929168655
20260212044029_541,15.31,0.8213632391571785,820.0468750811286,820.0468750811286
20260212044029_952,15.31,0.817386105452166,813.2615589576122,813.2615589576122
20260212044030_366,12.73,0.817386105452166,853.1276512421852,820.0468750811286
20260212044030_779,12.73,0.817386105452166,795.6197885088188,795.6197885088188
20260212044031_191,11.12,0.817386105452166,802.5751000927979,802.5751000927979
20260212044031_603,11.12,0.824535659209801,808.5128735551523,808.5128735551523
20260212044032_014,11.12,0.8284993554104916,784.9326617582227,784.9326617582227
20260212044032_427,7.95,0.8267485104796063,811.9053961200868,811.9053961200868
20260212044032_840,7.95,0.8258555596904619,792.5671834980044,792.5671834980044
20260212044033_252,4.56,0.8263383915019955,782.8842026434583,782.8842026434583
20260212044033_664,4.56,0.8257324307662355,788.143317589614,788.143317589614
20260212044034_102,4.56,0.8280055187991774,791.0265713088173,791.0265713088173
20260212044034_479,1.61,0.8342754788901456,795.607773858621,795.607773858621
20260212044034_895,1.61,0.8342754788901456,787.9743149886572,787.9743149886572
20260212044035_306,0.04,0.8306509033902062,795.6084165367828,795.6084165367828
20260212044035_717,0.04,0.8299766293435353,801.8856910074007,801.8856910074007
20260212044036_131,0.04,0.8325937031917545,803.4118253130497,803.4118253130497
20260212044036_542,0.02,0.8326355457390355,796.9655311065684,796.9655311065684
20260212044036_954,0.02,0.8313266617485826,797.1354783854397,797.1354783854397
20260212044037_366,0.05,0.8303164424137579,797.6443965457198,797.6443965457198
20260212044037_778,0.05,0.8332841529978783,796.9658389986796,796.9658389986796
20260212044038_190,0.03,0.8304040355170423,794.9301663575592,794.9301663575592
20260212044038_606,0.03,0.8330128666150141,798.832517534802,798.832517534802
20260212044039_018,0.03,0.8332056584941483,795.6090312724159,795.6090312724159
20260212044039_430,0.06,0.8329882289639554,795.6090312724159,795.6090312724159
20260212044039_842,0.06,0.8317621423792262,791.3677392355983,795.6090312724159
20260212044040_253,0.06,0.833245392546497,797.3057338185696,797.3057338185696
20260212044040_669,0.06,0.8397943909280818,799.1717685147407,799.1717685147407
20260212044041_085,0.06,0.8392085346086244,794.7614760039351,794.7614760039351
20260212044041_498,0.04,0.8390372247309807,795.4396991223986,795.4396991223986
20260212044041_910,0.04,0.8411977228417455,794.2528640794715,794.2528640794715
20260212044042_321,0.01,0.8421839246354144,794.2528640794715,794.2528640794715
20260212044042_734,0.01,0.8393144691969503,797.645657176778,794.2528640794715
20260212044043_145,0.01,0.8390863611032124,789.5032864797766,789.5032864797766
20260212044043_559,0.05,0.8373279669179696,795.1013974496591,795.1013974496591
20260212044043_973,0.05,0.8381957816446508,793.5746399124183,793.5746399124183
20260212044044_385,0.01,0.8386820165341622,796.7987461772171,796.7987461772171
20260212044044_798,0.01,0.8413162987906944,794.5927852451744,794.5927852451744
20260212044045_211,0.04,0.8393368238110064,794.9181616282293,794.9181616282293
20260212044045_624,0.04,0.8355452502390976,794.9178545279315,794.9178545279315
20260212044046_034,0.04,0.8385464893469121,795.2574352780921,794.9181616282293
20260212044046_446,0.04,0.8390050580139823,793.9006473857249,793.9006473857249
20260212044046_858,0.04,0.8378603890570898,791.0168202477853,791.0168202477853
20260212044047_270,0.04,0.8376659093448031,798.3112065378679,798.3112065378679
20260212044047_683,0.04,0.8379082503538164,792.8828260429227,792.8828260429227
20260212044048_095,0.04,0.8378522408647209,800.1769032011007,800.1769032011007
20260212044048_507,0.09,0.8373390466474739,795.7666531808624,795.7666531808624
20260212044048_919,0.09,0.8374684856855625,793.3917367143239,793.3917367143239
20260212044049_343,1.79,0.8351257828813976,798.4805349517874,798.4805349517874
20260212044049_776,1.79,0.8350817588729085,791.5254251296027,791.5254251296027
20260212044050_190,1.7,0.8268744530304725,796.1056194027486,796.1056194027486
20260212044050_606,1.7,0.8244463453312707,786.4360165581498,786.4360165581498
20260212044051_041,1.7,0.8271894525866001,796.4448930526114,796.4448930526114
20260212044051_473,0.33,0.8269904622207866,809.5066158359557,809.5066158359557
20260212044051_886,0.33,0.8272616306873835,809.1670012932045,809.1670012932045
20260212044052_298,0.09,0.8270015527128896,804.2475373440425,809.1670012932045
20260212044052_709,0.09,0.8268525514137772,819.1759111215068,819.1759111215068
20260212044053_120,0.09,0.8279806319320085,812.2207754603824,812.2207754603824
20260212044053_533,0.06,0.8252664310443278,808.6584036381877,808.6584036381877
20260212044053_944,0.06,0.8243201721066065,804.4037273179049,804.4037273179049
20260212044054_357,0.51,0.8243723022647769,791.681188399971,791.681188399971
20260212044054_768,0.51,0.8256450895311518,789.1363757496321,789.1363757496321
20260212044055_202,1.69,0.8273139077124926,808.3053059194048,791.681188399971
20260212044055_614,1.69,0.8290890819055432,789.4759483208625,789.4759483208625
20260212044056_026,1.69,0.8315610141769014,786.4235056748288,786.4235056748288
20260212044056_437,0.94,0.8326809435183316,790.4940845881466,790.4940845881466
20260212044056_847,0.94,0.8324862541137217,798.4668790035206,798.4668790035206
20260212044057_259,0.01,0.8318438118983875,790.3244506644153,790.3244506644153
20260212044057_675,0.01,0.8310296068425946,796.2613024104272,796.2613024104272
20260212044058_087,0.01,0.8304306307791476,801.859557478148,801.859557478148
20260212044058_497,0.03,0.8313797452855203,795.413468376356,795.413468376356
20260212044058_930,0.03,0.8324439125490359,796.4312439474046,796.4312439474046
20260212044059_342,0.04,0.8327247844837791,801.350627562841,796.4312439474046
20260212044059_775,0.04,0.8314811348102575,799.6542883851042,799.6542883851042
20260212044100_157,0.04,0.8312686316472669,797.9576409328184,797.9576409328184
20260212044100_574,0.02,0.8316258979661307,801.350965292194,801.350965292194
20260212044100_988,0.02,0.8317673641988166,794.3956369341205,794.3956369341205
20260212044101_399,0.02,0.8307557373930999,799.1453866317834,799.1453866317834
20260212044101_810,0.02,0.83055754438158,799.1444323652474,799.1444323652474
20260212044102_222,0.03,0.8309463939067644,798.4668509606886,799.1444323652474
20260212044102_659,0.03,0.8307831534266451,799.6542883851042,799.6542883851042
20260212044103_071,0.03,0.8310200735097923,797.9576409328184,797.9576409328184
20260212044103_484,0.01,0.8306282082469573,795.0741726052152,795.0741726052152
20260212044103_894,0.01,0.8297971466898206,798.6364848784623,798.6364848784623
20260212044104_308,0.03,0.8308175414096919,799.4840086600323,799.4840086600323
20260212044104_720,0.03,0.8313083300012638,797.1097796184993,797.1097796184993
20260212044105_132,0.03,0.831514300126597,795.5830743585361,795.5830743585361
20260212044105_550,0.06,0.8323898646722667,799.9935562206517,799.9935562206517
20260212044105_962,0.06,0.8318928432806538,795.7517580610009,795.7517580610009
20260212044106_375,0.05,0.8325086970859497,800.332824056199,800.332824056199
20260212044106_787,0.05,0.833467950937229,798.6364848784623,798.6364848784623
20260212044107_199,0.04,0.8325215196669887,798.6377751227909,798.6377751227909
20260212044107_612,0.04,0.8320924723385468,801.0110502731226,798.6377751227909
20260212044108_024,0.04,0.8312731506403825,801.8595293161621,801.8595293161621
20260212044108_433,0.01,0.830995388994615,798.7924835127405,798.7924835127405
20260212044108_846,0.01,0.8307169837026461,796.2476826011109,796.2476826011109
20260212044109_259,0.04,0.8317447766493391,802.3543968264282,802.3543968264282
20260212044109_671,0.04,0.8305399597867609,794.042787003857,794.042787003857
20260212044110_081,0.04,0.8316104114564391,795.0605731012771,795.0605731012771
20260212044110_493,0.03,0.8324705092462246,791.1596988096405,791.1596988096405
20260212044110_906,0.03,0.8320322325911338,790.4805356628871,790.4805356628871
20260212044111_339,0.02,0.8313009768753401,793.7035249713838,793.7035249713838
20260212044111_753,0.02,0.8304984950033536,796.0790022542116,796.0790022542116
20260212044112_168,0.05,0.828620524190296,793.8734626839757,793.8734626839757
20260212044112_579,0.05,0.8307647864557601,800.136153999818,800.136153999818
20260212044112_992,0.05,0.8303960004122685,801.1539231166294,801.1539231166294
20260212044113_403,0.02,0.8302102516132193,797.9309875800601,797.9309875800601
20260212044113_814,0.02,0.8328113653492804,801.1539231166294,801.1539231166294
20260212044114_227,0.07,0.830219946209046,793.0124107600094,793.0124107600094
20260212044114_642,0.07,0.8306825180229785,790.2977192039754,790.2977192039754
20260212044115_064,0.07,0.8300246865120605,791.8246787837959,791.8246787837959
20260212044115_494,0.09,0.8300044066966935,796.0653850754829,796.0653850754829
20260212044115_906,0.09,0.8300265851890793,794.19980902211,794.19980902211
20260212044116_317,0.17,0.8293773009575509,796.2353488999966,796.2353488999966
20260212044116_730,0.17,0.8304855943290538,798.9494020705122,798.9494020705122
20260212044117_141,0.17,0.8316383563426164,796.0666711640158,796.0666711640158
20260212044117_553,0.03,0.830071058610591,797.2531188389399,797.2531188389399
20260212044117_964,0.03,0.8317173156561068,796.0657205768395,796.0657205768395
20260212044118_377,0.06,0.8336688678120583,800.30642865577,800.30642865577
20260212044118_788,0.06,0.8325781878228866,792.8424482938008,792.8424482938008
20260212044119_200,0.08,0.8343001163900592,803.1897716455171,803.1897716455171
20260212044119_617,0.08,0.8321337944636199,798.2702439523307,798.2702439523307
20260212044120_028,0.08,0.8297669933045716,795.7258211603024,795.7258211603024
20260212044120_445,0.04,0.8338074005985742,794.5380889994073,794.5380889994073
20260212044120_864,0.04,0.8324963573893833,800.1358167827079,800.1358167827079
20260212044121_278,0.03,0.8307538121480594,797.9303430285518,797.9303430285518
20260212044121_689,0.03,0.8322419539297545,797.6047302067369,797.6047302067369
20260212044122_100,0.03,0.8303916965979589,795.9084206997043,797.6047302067369
20260212044122_512,0.04,0.8312083196782144,801.5059042779752,801.5059042779752
20260212044122_923,0.04,0.8320065551145592,802.0141490642435,802.0141490642435
20260212044123_337,0.06,0.8312764251983358,795.2295617471212,801.5059042779752
20260212044123_749,0.06,0.830953413270093,803.8800872283102,803.8800872283102
20260212044124_161,0.11,0.8314895589775444,800.6574405642224,800.6574405642224
20260212044124_573,0.11,0.8299540701342081,790.9881508220321,790.9881508220321
20260212044124_984,0.11,0.8291552615106068,793.0234133595982,793.0234133595982
20260212044125_419,0.02,0.8312482026500276,829.4940088403071,793.0234133595982
20260212044125_801,0.02,0.8317935376527639,807.1027595219184,807.1027595219184
20260212044126_213,0.01,0.8312179252778902,798.4515950125409,798.4515950125409
20260212044126_626,0.01,0.8316822447741363,795.7371688218267,795.7371688218267
20260212044127_041,0.01,0.8303934591031886,797.7724278801646,797.7724278801646
20260212044127_452,0.01,0.8287837364710972,800.9957175818942,800.9957175818942
20260212044127_865,0.01,0.830467483628375,796.4157192133312,796.4157192133312
20260212044128_277,0.0,0.8299976987494376,798.4509780810266,798.4509780810266
20260212044128_689,0.0,0.8313766180190643,794.2241062318337,794.2241062318337
20260212044129_101,0.0,0.8302905537234855,799.1434780987119,799.1434780987119
20260212044129_511,0.02,0.8307911683163121,803.8928776512023,803.8928776512023
20260212044129_922,0.02,0.8294567159892636,903.9769889170102,803.8928776512023
20260212044130_334,0.03,0.8290318006285514,790.3231738487127,790.3231738487127
20260212044130_745,0.03,0.8293571641109503,798.4646075341232,798.4646075341232
20260212044131_158,0.02,0.8293938361939697,827.8111928545827,827.8111928545827
20260212044131_574,0.02,0.8293938361939697,797.7857655604736,797.7857655604736
20260212044131_987,0.02,0.8289060322647689,798.4642990629702,798.4642990629702
20260212044132_402,0.02,0.8290121011719629,798.9728905220865,798.9728905220865
20260212044132_816,0.02,0.8287758232843503,795.0710172295637,798.4642990629702
20260212044133_230,0.02,0.8290005604694647,793.0360310429968,793.0360310429968
20260212044133_641,0.02,0.8278337789189267,797.105972275301,797.105972275301
20260212044134_054,0.02,0.8293005909981467,793.373709540462,793.373709540462
20260212044134_467,0.02,0.829352924802866,796.7663702611823,796.7663702611823
20260212044134_900,0.02,0.8292585180330916,795.5928529264261,795.5928529264261
20260212044135_311,0.03,0.8298427455148378,791.1823168547658,791.1823168547658
20260212044135_722,0.03,0.8309477845846446,789.8255617064183,789.8255617064183
20260212044136_134,0.03,0.8313417853415581,798.8156283711741,791.1823168547658
20260212044136_545,0.02,0.8312362733196264,793.5566077413275,793.5566077413275
20260212044136_954,0.02,0.8312923865604024,797.7975045334465,797.7975045334465
20260212044137_365,0.01,0.8318056716591504,792.8780642545884,792.8780642545884
20260212044137_777,0.01,0.8315191924266061,792.7081221345699,792.7081221345699
20260212044138_190,0.03,0.8337833332201567,796.10050273859,792.8780642545884
20260212044138_601,0.03,0.8329193728855855,801.3589009222579,801.3589009222579
20260212044139_012,0.03,0.8314044825561575,797.4575886158344,797.4575886158344
20260212044139_425,0.03,0.8319629136615023,808.4839113684466,808.4839113684466
20260212044139_836,0.03,0.8301293310219847,795.4216525030625,795.4216525030625
20260212044140_248,0.03,0.8279215175319126,794.4170909745767,794.4170909745767
20260212044140_684,0.03,0.8278769467522014,801.2035876666594,795.4216525030625
20260212044141_067,0.03,0.8302472154761852,808.8370167590625,808.8370167590625
20260212044141_479,0.01,0.8286171415501473,806.8013531262797,806.8013531262797
20260212044141_895,0.01,0.8290024824982092,799.5065829003105,799.5065829003105
20260212044142_307,0.03,0.8293682056414459,797.3015895066262,797.3015895066262
20260212044142_718,0.03,0.8282672434742819,794.4177326935172,794.4177326935172
20260212044143_130,0.03,0.8294908917391246,803.5779085929919,803.5779085929919
20260212044143_542,0.03,0.8283711334935071,799.5072006506385,799.5072006506385
20260212044143_954,0.03,0.8308634225356544,797.3015895066262,797.3015895066262
20260212044144_364,0.04,0.830353492413854,805.1049667656273,805.1049667656273
20260212044144_776,0.04,0.8278426131052005,790.0061847946014,790.0061847946014
20260212044145_187,0.02,0.8280792776240156,795.9444804181044,795.9444804181044
20260212044145_601,0.02,0.8285992716174952,794.9266486017129,794.9266486017129
20260212044146_013,0.02,0.8303010799791705,791.1945986082776,791.1945986082776
20260212044146_425,0.03,0.8286319340892796,801.5422457466512,801.5422457466512
20260212044146_841,0.03,0.8289785448992684,819.015334922977,819.015334922977
20260212044147_253,0.12,0.8289920576304249,798.9843102277346,798.9843102277346
20260212044147_665,0.12,0.8317260688267554,794.0648739227231,794.0648739227231
20260212044148_078,0.12,0.8327297716515477,801.8681177168794,801.8681177168794
20260212044148_491,0.02,0.831578143800874,792.3685165761674,792.3685165761674
20260212044148_903,0.02,0.829505897741315,799.1539459623903,799.1539459623903
20260212044149_314,0.21,0.8276881821672086,796.9626201266072,796.9626201266072
20260212044149_725,0.21,0.8289213198179852,798.9982845458323,798.9982845458323
20260212044150_137,0.21,0.8289101424550143,799.6768393522407,799.6768393522407
20260212044150_549,0.1,0.8279428228717083,801.1889557280192,801.1889557280192
20260212044150_961,0.1,0.8297299060252428,807.4802196259367,807.4802196259367
20260212044151_371,0.14,0.8306512004421822,798.8283372312135,798.8283372312135
20260212044151_783,0.14,0.8300992109214343,803.4085804049748,803.4085804049748
20260212044152_193,0.05,0.8291698347695442,793.5698460945655,793.5698460945655
20260212044152_610,0.05,0.8304720158735861,795.4352572076292,795.4352572076292
20260212044153_022,0.05,0.8307955023592835,800.1851371824241,800.1851371824241
20260212044153_433,0.04,0.8279060271430219,795.7751492153926,795.7751492153926
20260212044153_845,0.04,0.8273713177041523,795.4358718121885,795.4358718121885
20260212044154_256,0.05,0.8270652231245028,790.3464054279515,795.4358718121885
20260212044154_670,0.05,0.8282085114853681,794.418039602576,794.418039602576
20260212044155_081,0.05,0.8286093874666692,794.0787621993717,794.0787621993717
20260212044155_492,0.08,0.8296181030330341,806.6320261179262,794.418039602576
20260212044155_904,0.08,0.8307533227545404,799.5075376053629,799.5075376053629
20260212044156_335,0.1,0.8311597562614655,798.9989299646259,798.9989299646259
20260212044156_747,0.1,0.8319813924911481,797.458232790077,797.458232790077
20260212044157_160,0.1,0.8311216399128815,796.4420119542225,796.4420119542225
20260212044157_575,0.03,0.8317622803610751,791.354509822288,796.4420119542225
20260212044157_987,0.03,0.8305600912441603,796.4464874468654,796.4464874468654
20260212044158_399,0.03,0.8290674797876529,795.2622113293781,795.2622113293781
20260212044158_811,0.03,0.8307685316366842,793.5687035585388,793.5687035585388
20260212044159_224,0.03,0.8291103080007245,819.0170897070374,795.2622113293781
20260212044159_640,0.03,0.8283049183346989,802.3943840174963,802.3943840174963
20260212044200_052,0.03,0.8287354423284834,804.0933761375696,804.0933761375696
20260212044200_464,0.07,0.8297865958494597,806.9782189358976,806.9782189358976
20260212044200_877,0.07,0.8303108997753526,807.3178111309749,807.3178111309749
20260212044201_288,0.03,0.8300136308508063,792.7293924733876,806.9782189358976
